type,name
table,mw_patient
table,mw_lab_tests
table,mw_eid_visits
table,mw_pre_art_visits
table,mw_art_visits
function,first_date_no_breastfeeding
function,first_test_result_by_date_entered
function,latest_test_result_by_date_entered
function,get_regimen
function,get_regimen_start
procedure,age_group
procedure,create_age_groups_for_tpt
procedure,create_changed_regimen_list
procedure,create hiv cohort
procedure,create_last_art_outcome_at_facility
procedure,create_moh_cohort_disaggregated
procedure,create_moh_cohort_disaggregated_generic
procedure,create_moh_tx_new
procedure,create_moh_tx_new_generic
procedure,create_pepfar_cohort_disaggregated
procedure,create_pepfar_cohort_disaggregated_generic
procedure,create_pepfar_tx_new
procedure,create_pepfar_tx_new_generic
procedure,create_survival_analysis
procedure,create_survival_analysis_option_b
procedure,create_weight_groups
table,mw_art_regimen
table,mw_art_initial
table,mw_art_followup
table,mw_eid_initial
table,mw_eid_followup
table,mw_art_viral_load
table,mw_eid_lab_tests
table,mw_art_followup_testing
